Sat May 02 17:05:15 +0000 2015,RT @DairylandXpress: From @landvatter812 -- #Bucks' blowout loss meaningless; future still bright http://t.co/KUWT7Yo6OX @SportsBlogRT http…
Sat May 02 17:05:06 +0000 2015,From @landvatter812 -- #Bucks' blowout loss meaningless; future still bright http://t.co/KUWT7Yo6OX @SportsBlogRT http://t.co/6lf7SGDz1x
Sat May 02 17:03:08 +0000 2015,Spitalfields Tables ScrtMsgs #Buckingham #Bucks #furniture #style #HomeStaging #interiors #modern #quirky… http://t.co/bogIFZMQBp— Buck…
Sat May 02 16:55:39 +0000 2015,End of a busy week, not that we're complaining! Enjoy the rest of the Bank Holiday Weekend &amp; fingers crossed for sunshine! #Bucks #Beds #UK
Sat May 02 16:54:50 +0000 2015,http://t.co/JDe7w4y50X [Yahoo Sports: Yahoo!] - Sources: Bulls' Mike Dunleavy avoids su #Bucks http://t.co/Ou6kn1yPVU
Sat May 02 16:54:14 +0000 2015,@bucksangels 01494 474181 #Lifestyle #Household #personal #Beauty #birthday #party #highwycombe #marlow #bucks #Declutter #Organisation RT
Sat May 02 16:52:24 +0000 2015,A visit to @bostonunited for the #Bucks, who from either @chorleyfc or @GuiseleyAFC will dodge the bullet of playing @telfordutd next term?
Sat May 02 16:50:01 +0000 2015,Spitalfields Tables ScrtMsgs #Buckingham #Bucks #furniture #style #HomeStaging #interiors #modern #quirky… http://t.co/bogIFZMQBp— Buck…
Sat May 02 16:48:27 +0000 2015,RT @IAM_ELGUDDAH: Listen to A #MILLION #BUCKS ! Feat. @IAM_ELGUDDAH @gudda6oiqg94  #np on #SoundCloudhttp://t.co/c31gESUQgY @GUDDAH_GANG #…
Sat May 02 16:44:03 +0000 2015,@crossoverNBA Top #bucks influencer! Want to declutter you inbox quickly? Unroll.Me can help: http://t.co/Abp3MwUHhQ
Sat May 02 16:44:00 +0000 2015,#MilwaukeeBucks Sources: Bulls' Mike Dunleavy avoids suspension, will play in Game 1 vs. Cavs: MILWAUKE... http://t.co/SdHCgu8DJu #Bucks
Sat May 02 16:40:28 +0000 2015,Ummmm... I think the #BUCKS won. http://t.co/kkOVUVLBDM
Sat May 02 16:36:12 +0000 2015,RT @crossoverNBA: This past week at CC:* Playoff Exit Analysis of the #Celtics, #Bucks and #Raptors* Pieces on Kawhi, the Clippers, and …
Sat May 02 16:35:05 +0000 2015,This past week at CC:* Playoff Exit Analysis of the #Celtics, #Bucks and #Raptors* Pieces on Kawhi, the Clippers, and "The Emoji Tweet"
Sat May 02 16:33:19 +0000 2015,Spitalfields Tables ScrtMsgs #Buckingham #Bucks #furniture #style #HomeStaging #interiors #modern #quirky… http://t.co/bogIFZMQBp— Buck…
Sat May 02 16:31:22 +0000 2015,RT @NBA_Sneakers: #Bucks Sources: Bulls' Mike Dunleavy avoids suspension, will play in Game 1 vs. Cavs (Yahoo Sp... http://t.co/u1MiVrRPVm …
Sat May 02 16:28:57 +0000 2015,BigReporter: http://t.co/idsAyAULNN #Bulls #vanquish #Bucks #120-66 to #advance #news http://t.co/k3sOwOnG4X
Sat May 02 16:28:50 +0000 2015,RT @DailyBUCKS: AYLESBURY: Aylesbury United stand in the way of a final hurrah for Johnson Hippolyte - Maidenhead Advertiser http://t.co/pI…
Sat May 02 16:28:09 +0000 2015,Driver Dead, 3 Construction Workers Injured  http://t.co/Ri6mLihFnq  #bucks #hospital #investigation #pennsylvania
Sat May 02 16:26:56 +0000 2015,#Bucks Sources: Bulls' Mike Dunleavy avoids suspension, will play in Game 1 vs. Cavs (Yahoo Sp... http://t.co/u1MiVrRPVm #MilwaukeeBucks
Sat May 02 16:26:53 +0000 2015,RT @Amershamhillcc: Lovely day for cricket at the hill. #bucks #village #cricket https://t.co/K9araAUQJb
Sat May 02 16:26:41 +0000 2015,AYLESBURY: Aylesbury United stand in the way of a final hurrah for Johnson Hippolyte - Maidenhead Advertiser http://t.co/pIUKCfaTms #Bucks
Sat May 02 16:25:03 +0000 2015,Lovely day for cricket at the hill. #bucks #village #cricket https://t.co/K9araAUQJb
Sat May 02 16:23:15 +0000 2015,Decoy against buck. #turkeyhunting #bucks http://t.co/35ivNsgsBt
Sat May 02 16:21:20 +0000 2015,City Council To Investigate Whether Suburban Real Estate Bro  http://t.co/vIgOfzAQih  #bucks #delaware #montgomery
Sat May 02 16:20:56 +0000 2015,4 bucks walked in on me. This noticed my decoy. #turkeyhunting #bucks http://t.co/r3HAVQfNN1
Sat May 02 16:20:39 +0000 2015,RT @VisitSEEngland: Come rain or shine there's plenty to do this #BankHolidayWeekend http://t.co/Uf1lQFfvX3 #Hampshire #Sussex #Kent #Berks…
Sat May 02 16:17:45 +0000 2015,5DAY. #BMB #BUCKS #100Trilly https://t.co/vN6eJ3r9lw
Sat May 02 16:16:38 +0000 2015,Spitalfields Tables ScrtMsgs #Buckingham #Bucks #furniture #style #HomeStaging #interiors #modern #quirky… http://t.co/bogIFZMQBp— Buck…
Sat May 02 16:11:53 +0000 2015,The #Bucks were one of only 4 playoff teams to perform below average in the first round. Only the #Celtics and #Raptors performed worse.
Sat May 02 16:09:01 +0000 2015,http://t.co/JDe7w4y50X Authentic Sewn Glen Robinson Milwaukee Bucks Jersey Champion Tag #Bucks http://t.co/L9pGfkUznI
Sat May 02 16:08:10 +0000 2015,#milwaukeebucks #milwaukee #bucks #MIL Central Notes: Middleton, Love, Butler http://t.co/Zf2oSzR1fX
Sat May 02 16:07:22 +0000 2015,Pennsylvania Turnpike crash kills driver, injures 3 workers  http://t.co/cWnFEtoITA  #bucks #investigation #temple
Sat May 02 16:07:02 +0000 2015,U18 team had a high scoring bout against the Predators coming away with a 8-5 victory. #Bucks
Sat May 02 16:05:53 +0000 2015,The high school teams are rolling this weekend starting with the U16 Elite who won 3-1 last night and 5-2 today! #Bucks
Sat May 02 16:02:22 +0000 2015,Are you a great #KS2 #teacher looking for a #job in a great #Bucks #school ?http://t.co/t97XPvhfx2#Buckinghamshire#ukedchat@isaschools
Sat May 02 16:01:05 +0000 2015,Spitalfields Tables ScrtMsgs #Buckingham #Bucks #furniture #style #HomeStaging #interiors #modern #quirky… http://t.co/buFnyCLpuj
Sat May 02 15:52:13 +0000 2015,The 2003s suffered a tough first round loss to the Junior Moose in game 1 Friday. #Bucks
Sat May 02 15:51:12 +0000 2015,In the first game of the tournament the 2004 team came away with a very solid 2-1 victory over CCM Elite #Bucks
Sat May 02 15:49:51 +0000 2015,Photo: Countryside. #visitbuckscounty #bucks #pa #instagram #outdoors #nature #morning #bapson (at New Hope... http://t.co/VaQXPG8v1Q
Sat May 02 15:48:07 +0000 2015,RT @adamgreen30: And not forgetting @FootieNick and @StevenHumbles for their dedication and hard work following the #bucks #shropshireunited
Sat May 02 15:37:20 +0000 2015,#milwaukeebucks #milwaukee #bucks #MIL Sources: Bulls' Mike Dunleavy avoids suspension, will play in Game 1 vs.. http://t.co/WrSF42z6On
Sat May 02 15:36:03 +0000 2015,#Bucks fans must be thrilled. I guess you actually have to knock out the teeth to get suspended. https://t.co/WqHQZGEMBe
Sat May 02 15:35:36 +0000 2015,http://t.co/JDe7w4y50X 1970 NO LABEL ! Sports Illustrated MILWAUKEE BUCKS Oscar Roberts #Bucks http://t.co/RIpdp7fBNP
Sat May 02 15:30:12 +0000 2015,If you missed anything from #Bucks exit interviews yesterday, here's the link to our coverage. http://t.co/8nL82dFtdW
Sat May 02 15:14:37 +0000 2015,#NBA #Bucks - New Milwaukee Bucks One Sz Adidas Red And Gray With Green Bucks Logo On F... http://t.co/yez27ttvjn http://t.co/k33Sm3HFUt
Sat May 02 15:14:36 +0000 2015,#NBA #Bucks - Milwaukee Bucks NBA Playoff Towel Game 6 Chicago Bulls NEW LOGO! Fear The... http://t.co/4gzvFDGIzA http://t.co/k33Sm3HFUt
Sat May 02 15:14:36 +0000 2015,#NBA #Bucks - VTG Basketball Jersey  Milwaukee Bucks Glenn Robinson 13 Size Youth L 14-... http://t.co/5r6d5QrQm9 http://t.co/k33Sm3HFUt
Sat May 02 15:14:36 +0000 2015,#NBA #Bucks - New Milwaukee Bucks Large/Extra Large Adidas Red And Green Basketball Hat... http://t.co/IAneCHGrpC http://t.co/k33Sm3HFUt
Sat May 02 15:14:35 +0000 2015,#NBA #Bucks - New Milwaukee Bucks Small/Medium Adidas Red And Green Basketball Hat:  $1... http://t.co/7XnUaOVDue http://t.co/k33Sm3HFUt
Sat May 02 15:14:17 +0000 2015,RT @CLNSRadio: Jackie MacMullan @ESPNBoston Dont expect Boston Celtics 2 get major free agent #bucks Khris Middleton a possibility http://t…
Sat May 02 15:10:08 +0000 2015,RT @OutdoorsCEO: Alberta stud! #hunting #whitetail #bucks http://t.co/mkQSep7rXb
Sat May 02 15:09:30 +0000 2015,RT @robertsnewby: Medieval Jousting this weekend? Time to visit the Chiltern Open Air Museum! http://t.co/e1jhGjzTsw #bankholiday #bucks #…
Sat May 02 15:08:04 +0000 2015,#milwaukee #bucks #MIL Report: Bulls' Mike Dunleavy won't be suspended for Game 1 against Cavaliers http://t.co/bdR43cjbw0
Sat May 02 15:07:17 +0000 2015,Driver Dead, 3 Construction Workers Injured  http://t.co/Ri6mLihFnq  #bucks #hospital #investigation #pennsylvania
Sat May 02 15:02:20 +0000 2015,Pennsylvania Turnpike crash kills drivr injures 3 workrs #Bucks #investigation #Temple #vehicle http://t.co/3PdIIXQsHL
Sat May 02 14:59:59 +0000 2015,@AronYohannes Congrats, top of #bucks! Unroll.Me can simplify your email's inbox. http://t.co/Abp3MwUHhQ
Sat May 02 14:50:52 +0000 2015,POLICE NEWS: Vehicle collides with police car injuring two officers - Oxford http://t.co/lWf6n57vFy #Bucks
Sat May 02 14:45:06 +0000 2015,Giannis ready to suffer consequences after shove of Dunleavy in Game 6. #Bucks  http://t.co/tOrciFcKm6
Sat May 02 14:45:03 +0000 2015,In other news: Dunleavy deserved more than the tackle by Giannis. MCW deserves a shot at him too, preferably taking out a tooth #Bucks
Sat May 02 14:43:26 +0000 2015,http://t.co/JDe7w4y50X [Bloguin: NBA Draft Blog] - Milwaukee Bucks Go Down Fighting, Li #Bucks http://t.co/WRQRqUDUKf
Sat May 02 14:42:03 +0000 2015,Green Console Table #upcycled #style #interiors #interiordesign #HomeStaging #Bucks #bespoke #quirky http://t.co/TjR5KM6QYB— Secret Mes…
Sat May 02 14:42:03 +0000 2015,Spitalfields Tables ScrtMsgs #Buckingham #Bucks #furniture #style #HomeStaging #interiors #modern #quirky http://t.co/4IQjf0fKis— Secre…
Sat May 02 14:41:50 +0000 2015,RT @chicagobulls: After one, #Bulls lead the #Bucks 34-16. @paugasol leads with 13pts. #BULLSvBUCKS #SeeRed http://t.co/YacCrdJACG
Sat May 02 14:33:44 +0000 2015,#MilwaukeeBucks Bucks: Despite horrific loss to end season, Jason Kidd looks ahead to bright future: MI... http://t.co/wvlemaq8Vr #Bucks
Sat May 02 14:28:53 +0000 2015,Can’t say I’m shocked. #Bucks #Bulls RT @WojYahooNBA: Yahoo Source: No suspension for Chicago's Mike Dunleavy. Flagrant 1 foul.
Sat May 02 14:27:15 +0000 2015,#Bucks John Henson will focus on gaining weight with an improved diet this offseason.  http://t.co/ojOABVyels
Sat May 02 14:23:41 +0000 2015,RT @ScrtMsgs: Green Console Table #upcycled #style #interiors #interiordesign #HomeStaging #Bucks #bespoke #quirky http://t.co/S62lLHZVe3
Sat May 02 14:20:38 +0000 2015,Green Console Table #upcycled #style #interiors #interiordesign #HomeStaging #Bucks #bespoke #quirky http://t.co/TjR5KM6QYB— Secret Mes…
Sat May 02 14:20:38 +0000 2015,Spitalfields Tables ScrtMsgs #Buckingham #Bucks #furniture #style #HomeStaging #interiors #modern #quirky http://t.co/4IQjf0fKis— Secre…
Sat May 02 14:17:45 +0000 2015,#Wing #OnePlaceStudy latest: Twin brothers in arms: Harold &amp; Claud Vallentinehttp://t.co/hYEfv6bB5D#1placestudies #ww1 #Bucks #genealogy
Sat May 02 14:17:29 +0000 2015,RT @AronYohannes: VIDEO: Carter-Williams left Game 6 with chipped teeth after blow from Mike Dunleavy. #Bucks http://t.co/tQpdfLFwbs http:/…
Sat May 02 14:16:54 +0000 2015,POLICE NEWS: Burglary – Beaconsfield http://t.co/sfWNfyzBar #Bucks
Sat May 02 14:15:29 +0000 2015,RT @AronYohannes: VIDEO: Carter-Williams left Game 6 with chipped teeth after blow from Mike Dunleavy. #Bucks http://t.co/tQpdfLFwbs http:/…
Sat May 02 14:15:05 +0000 2015,VIDEO: Carter-Williams left Game 6 with chipped teeth after blow from Mike Dunleavy. #Bucks http://t.co/tQpdfLFwbs http://t.co/Uvxx7xbLKK
Sat May 02 14:12:28 +0000 2015,#Bucks forveti Khris Middleton : ''Burada kalmak istiyorum ve buradaki insanların da kalmamı istediğini biliyorum.'' http://t.co/CST3QmnKYf
Sat May 02 14:00:47 +0000 2015,Green Console Table #upcycled #style #interiors #interiordesign #HomeStaging #Bucks #bespoke #quirky http://t.co/TjR5KM6QYB— Secret Mes…
Sat May 02 14:00:46 +0000 2015,Spitalfields Tables ScrtMsgs #Buckingham #Bucks #furniture #style #HomeStaging #interiors #modern #quirky http://t.co/4IQjf0fKis— Secre…
Sat May 02 14:00:17 +0000 2015,Notebook from #Bucks exit interviews. Good stuff from MCW, Duds on his contract situation, Jabari. http://t.co/BsLY3iC51L
Sat May 02 13:59:08 +0000 2015,RT @NBAPassion_com: #Bucks, Tyler #Ennis giocherà in estate per la nazionale canadese. (Gery Woelfel) #NBAPassion
Sat May 02 13:54:24 +0000 2015,#Bucks, Tyler #Ennis giocherà in estate per la nazionale canadese. (Gery Woelfel) #NBAPassion
Sat May 02 13:51:29 +0000 2015,RT @NOTSportsCenter: Every time someone gets drafted, add 10 to the #Bulls score and take 10 away from the #Bucks and you'll have the curre…
Sat May 02 13:50:53 +0000 2015,Epitome of English springtime #cricket #birdsong #bucks @ptgcc http://t.co/2RLsyFmReZ
Sat May 02 13:45:29 +0000 2015,#milwaukeebucks #milwaukee #bucks #MIL New Milwaukee Bucks Rumors. Saturday, May 2 2015 http://t.co/KPUzkq2C6A
Sat May 02 13:44:07 +0000 2015,#Bucks: Scott Walker says deal on new arena 'close' http://t.co/H7Yy7gFVur http://t.co/I3Akxdm2hU
Sat May 02 13:42:36 +0000 2015,Green Console Table #upcycled #style #interiors #interiordesign #HomeStaging #Bucks #bespoke #quirky http://t.co/TjR5KM6QYB— Secret Mes…
Sat May 02 13:42:36 +0000 2015,Spitalfields Tables ScrtMsgs #Buckingham #Bucks #furniture #style #HomeStaging #interiors #modern #quirky http://t.co/4IQjf0fKis— Secre…
Sat May 02 13:37:37 +0000 2015,#Bucks: Despite horrific loss to end season, Jason Kidd looks ahead to bright future http://t.co/ACTyDlmpT2 http://t.co/XlcwlPJG0w
Sat May 02 13:32:01 +0000 2015,@dsbuckeyes Leading the way in #bucks! Tired of unwanted subscription emails? Try Unroll.Me: http://t.co/Abp3MwUHhQ
Sat May 02 13:28:18 +0000 2015,http://t.co/JDe7w4y50X SPORT Magazine Lew Alcindor Milwaukee Bucks May 1971  #Bucks http://t.co/oWbuMGEH4M
Sat May 02 13:25:01 +0000 2015,Property Let of the Week: #Beaconsfield #Bucks http://t.co/8El3HWJoOU http://t.co/BvwJKIoFw7
Sat May 02 13:23:18 +0000 2015,It’s a gorgeous day in #Bucks County - the red car is raring to go #ferrarilove #happylittleAussie
Sat May 02 13:22:13 +0000 2015,Come up for a #sunday #roast tomorrow - 2 or 3 course #menu available in our #restaurant http://t.co/M28kLbSvg0 #bucks #wooburn #lunch
Sat May 02 13:18:25 +0000 2015,Green Console Table #upcycled #style #interiors #interiordesign #HomeStaging #Bucks #bespoke #quirky http://t.co/TjR5KM6QYB— Secret Mes…
Sat May 02 13:18:24 +0000 2015,Spitalfields Tables ScrtMsgs #Buckingham #Bucks #furniture #style #HomeStaging #interiors #modern #quirky http://t.co/4IQjf0fKis— Secre…
Sat May 02 13:11:47 +0000 2015,@evan_manning5 1Tweet4 @OurBucksX2, Follow #Bucks News, Player Tweets, UTubes, Stats &amp; More! Visit http://t.co/JDe7w4y50X RT!
Sat May 02 13:07:54 +0000 2015,http://t.co/EEkB0NdMH9: Memphis Grizzlies vs.... http://t.co/GJO8029RUX #bucks #court #espn #espnu #grizzlies #memphis #milwaukee #sports
Sat May 02 13:02:38 +0000 2015,Green Console Table #upcycled #style #interiors #interiordesign #HomeStaging #Bucks #bespoke #quirky http://t.co/S62lLHZVe3
Sat May 02 12:59:01 +0000 2015,Spitalfields Tables ScrtMsgs #Buckingham #Bucks #furniture #style #HomeStaging #interiors #modern #quirky http://t.co/4IQjf0fKis— Secre…
Sat May 02 12:58:19 +0000 2015,Reports: Driver dead, 3 construction workers hurt in #PA Turnpike crash in #Bucks County http://t.co/VtPaFZaeuC
