Sat May 02 17:02:00 +0000 2015,Report: The #Celtics are willing to give anything for DeMarcus Cousins http://t.co/n5t0EZJLNr
Sat May 02 17:02:00 +0000 2015,Report: The #Celtics are willing to give anything for DeMarcus Cousins http://t.co/kvOIcP6LGa
Sat May 02 17:00:08 +0000 2015,#Cavaliers head coach David Blatt returns to Boston face the #Celtics in round one and catch up with ol... http://t.co/8cov8Y5Er5 #NBAVideo
Sat May 02 16:59:05 +0000 2015,#Celtics #Jersey Boston Celtics Paul Pierce Sz 2XL White Green Basketball Jersey NBA Nike Sewn  http://t.co/oUjxlHK21Y #Basketball #NBA
Sat May 02 16:57:51 +0000 2015,http://t.co/K4uDcjLKtS #Healthy #Program Weight Loss Gallery – 6 http://t.co/OZuM7WO0k6 #Celtics #GetFit
Sat May 02 16:57:06 +0000 2015,L #NBA Vintage Satin #Boston #Celtics Youth Size 18 -20 Rare #BasketBall #Forsale http://t.co/YjaLdI13bR
Sat May 02 16:55:36 +0000 2015,#Healthy #Program Weight Loss Gallery – 6 http://t.co/ttRjIGXuiz #Celtics #GetFit
Sat May 02 16:53:11 +0000 2015,RT @MorganW_89: Buzzing!!!! 5th place finish in the league! Too think we were 13th half way through the season! 10 games unbeaten!! #celtics
Sat May 02 16:52:59 +0000 2015,TMYLT, #Celtics may need to also give Kings the Wolves '16 1st-rd pick (top-12 protected and thus likely to become '16 and '17 2nd-rd picks)
Sat May 02 16:50:31 +0000 2015,http://t.co/KX6iKUfbTz CONVERSE WEAPON 86 RETRO VINTAGE OG BIRD MAGIC DR J Boston Cel #Celtics http://t.co/F2uk4dIDk5
Sat May 02 16:50:14 +0000 2015,Thinking ahead :Boston's pile of draft picks http://t.co/2xACYYShhz #Celtics #NBA
Sat May 02 16:49:24 +0000 2015,Trade idea: Young, Turner, Wallace, #Celtics '16 1st-rd pick &amp; #Mavs '16 1st-rd pick to #Kings for Demarcus Cousins #BoogieToBoston
Sat May 02 16:47:51 +0000 2015,RT @CoachMotto: Just do what you do best. – Red Auerbach #Celtics
Sat May 02 16:46:43 +0000 2015,L #Celtics #Hat NBA Boston Celtics Adidas Flexfit Hat Cap Gray Black Size S/M #Boston #BestSeller http://t.co/ovDlMNDx15
Sat May 02 16:46:05 +0000 2015,Boston Celtics Daily Links  5/2/15 http://t.co/b3u22zICzs #celtics
Sat May 02 16:43:50 +0000 2015,@crossoverNBA You're top of #celtics! Want to declutter you inbox quickly? Try Unroll.Me: http://t.co/iztn5iBXEi
Sat May 02 16:43:07 +0000 2015,#Celtics #Jersey Boston Celtics Larry Bird Adidas Swingman Basketball Jersey #33 1985-1986 XXL http://t.co/GEKRhZqfQa #Basketball #NBA
Sat May 02 16:42:07 +0000 2015,Ainge defends Olynyk :No intent to hurt Love - http://t.co/PFqtLpEU59 #Celtics
Sat May 02 16:41:31 +0000 2015,RT @CoachMotto: Just do what you do best. – Red Auerbach #Celtics
Sat May 02 16:40:34 +0000 2015,L L B #Celtics #Jersey ADIDAS BOSTON CELTICS LARRY BIRD SWINGMAN YOUTH SEWN JERSEY LARGE L NEW #Basketball #NBA http://t.co/Yk5jlii0dD
Sat May 02 16:39:17 +0000 2015,Idc where they go Perkins, Pierce, Allen, Rondo and Garnett still my boys #Celtics #Bostown
Sat May 02 16:38:13 +0000 2015,Who's the #Celtics MVP and what was the season's best moments? Read our wrap-up of 2015, plus next year's predictions http://t.co/R2wxVpKtkp
Sat May 02 16:37:05 +0000 2015,#celtics Boston Celtics: Week in Review http://t.co/JeiXCOYKCX
Sat May 02 16:37:05 +0000 2015,#bostonceltics #boston #celtics Boston Celtics Daily Links 5/2/15 http://t.co/LOMnEevR5F
Sat May 02 16:36:12 +0000 2015,RT @crossoverNBA: This past week at CC:* Playoff Exit Analysis of the #Celtics, #Bucks and #Raptors* Pieces on Kawhi, the Clippers, and …
Sat May 02 16:35:23 +0000 2015,Buzzing!!!! 5th place finish in the league! Too think we were 13th half way through the season! 10 games unbeaten!! #celtics
Sat May 02 16:35:07 +0000 2015,L L L #NBA #Boston #Celtics RONDO #9 Shirt Jersey Tank Size Large #BasketBall #Forsale http://t.co/G9qX9rNdgt
Sat May 02 16:35:05 +0000 2015,This past week at CC:* Playoff Exit Analysis of the #Celtics, #Bucks and #Raptors* Pieces on Kawhi, the Clippers, and "The Emoji Tweet"
Sat May 02 16:34:16 +0000 2015,#NBA Vtg Paul Pierce Nike Rewind Retro Swingman XL #Boston #Celtics Black Jersey NBA http://t.co/fvwz54DCvc #BasketBall #Forsale
Sat May 02 16:34:16 +0000 2015,#NBA #Arena Vtg Paul Pierce Nike Rewind Retro Swingman XL Boston #Celtics Black Jersey NBA http://t.co/ugCnid2xzr #BasketBall #Deals
Sat May 02 16:32:36 +0000 2015,#Guidetti et #Denayer Champions avec les #Celtics, #Rekik avec le #PSV.. Ils vont revenir en pleine forme! #mcfc
Sat May 02 16:30:47 +0000 2015,RT @BostonCelts4eva: Report: The #Celtics will try to trade for DeMarcus Cousins this summer.
Sat May 02 16:30:18 +0000 2015,Congrats #Celtics ...standard procedure ..title won
Sat May 02 16:30:13 +0000 2015,Marcus Smart finishes fifth in Rookie of the Year voting http://t.co/Ai6DYwMPwY #Celtics #NBA
Sat May 02 16:29:37 +0000 2015,L L L #Celtics #Jersey NWOT ADIDAS BOSTON CELTICS ON COURT GAME JERSEY SHORTS L+2 THOMAS TURNER CROWDER #Basketball… http://t.co/9szm9VLIqq
Sat May 02 16:29:37 +0000 2015,#Celtics #Hat BOSTON CELTICS BASKETBALL HAT HARDWOOD CLASSICS New Era Size 7 3/8 http://t.co/xM4u0HwhMh #Boston #BestSeller
Sat May 02 16:29:36 +0000 2015,#Celtics #Tshirt Mens XL Boston Celtics Green Shirt Made By NBA http://t.co/TcL5P1nOK4 #NBA #Boston
Sat May 02 16:25:37 +0000 2015,#Healthy #Program Whey Protein Powder And Its Benefits For Those Trying To Get Fit http://t.co/nwBTBlST4I #Celtics #GetFit
Sat May 02 16:25:06 +0000 2015,L #Celtics #Jersey Boston Celtics MEDIUM Mitchell &amp;amp; Ness Drop Step Mesh Tank Top Jersey Rare #Basketball #NBA http://t.co/4Xxxo8UWgG
Sat May 02 16:21:06 +0000 2015,#Celtics #FuckHaters https://t.co/jQrqEGmAJY
Sat May 02 16:19:35 +0000 2015,L B #NBA NEW!! #Boston #Celtics NBA Adidas Pullover Hoodie Sweatshirt Size Medium 10-12 * #BasketBall #Forsale http://t.co/rVoMNFRP6b
Sat May 02 16:17:07 +0000 2015,#NBA #Boston #Celtics BASKETBALL HAT HARDWOOD CLASSICS New Era Size 7 3/8 http://t.co/9uBP9FtPES #BasketBall #Forsale
Sat May 02 16:17:06 +0000 2015,#NBA #Arena BOSTON #Celtics BASKETBALL HAT HARDWOOD CLASSICS New Era Size 7 3/8 http://t.co/NKDkmfaUyY #BasketBall #Deals
Sat May 02 16:14:49 +0000 2015,This would be a great pickup for the #Celtics, and a great change of scenery for @boogiecousins! http://t.co/7j8D1crSQq
Sat May 02 16:14:29 +0000 2015,RT @CoachMotto: Just do what you do best. – Red Auerbach #Celtics
Sat May 02 16:14:06 +0000 2015,#Celtics #Hat ADULT SIZE 7 1/4 BOSTON CELTICS REEBOK NBA ELEMENTS WOOL HAT - NWT http://t.co/8L74DDDBTj #Boston #BestSeller
Sat May 02 16:13:08 +0000 2015,L #Celtics #Hat New Era Boston Celtics Snap Hat 9FIFTY Green Black Snapback Cap Men's OSFA #Boston #BestSeller http://t.co/fZdtQ2FBRh
Sat May 02 16:11:53 +0000 2015,The #Bucks were one of only 4 playoff teams to perform below average in the first round. Only the #Celtics and #Raptors performed worse.
Sat May 02 16:10:35 +0000 2015,#Healthy #Program What You Need to Know When Buying Wholesale Raspberry Ketone Drops http://t.co/dvAdH1Ve5V #Celtics #GetFit
Sat May 02 16:10:13 +0000 2015,Danny Ainge on Celtics' Offseason Plans :'We Need to Have a Busy Summer' http://t.co/55Qgy4ViNC #Celtics #NBA
Sat May 02 16:02:17 +0000 2015,L L C #NBA Zipway NBA Basketball Big Men's #Boston #Celtics Frosty Shirt Tee T-Shirt, Green #BasketBall #Forsale http://t.co/pNvPuNKR1a
Sat May 02 16:01:47 +0000 2015,Brad Stevens enough to get #Boston #Celtics #nba max free agent? #freeagency #celticstalk  http://t.co/NfsmjtxKKq http://t.co/4Y0UTIn28s
Sat May 02 16:01:20 +0000 2015,#NBA Vintage Satin #Boston #Celtics Youth Size 18 -20 Rare http://t.co/olaE2qzShn #BasketBall #Forsale
Sat May 02 16:01:20 +0000 2015,#NBA #Arena Boston #Celtics MEDIUM Mitchell &amp; Ness Drop Step Mesh Tank Top Jersey Rare http://t.co/CHTIaag6gt #BasketBall #Deals
Sat May 02 16:01:12 +0000 2015,Gangster J Mini Print - KGesus #GangsterJMiniPrints #KGesus #KG #Jesus #Celtics #Garnett #NBA #Art #ForSale via @eBay http://t.co/oPd5krGyr6
Sat May 02 15:58:34 +0000 2015,#Celtics #Hat NBA Boston Celtics Adidas Flexfit Hat Cap Gray Black Size S/M http://t.co/Fr5IkXUU2t #Boston #BestSeller
Sat May 02 15:57:06 +0000 2015,L B #Celtics #Jersey ADIDAS BOSTON CELTICS LARRY BIRD SWINGMAN YOUTH SEWN JERSEY LARGE L NEW #Basketball #NBA http://t.co/TqrVM52Poj
Sat May 02 15:56:11 +0000 2015,Kevin Love Dislocat  http://t.co/AfkEwZzxGf  #celtics #kellyolynyk #kevinlove #rayboydphiladelphiacbs #thecavaliers
Sat May 02 15:55:09 +0000 2015,#Healthy #Program Losing Weight By Drinking More Water And Less Unhealthy Drinks http://t.co/JDdnvWu0u1 #Celtics #GetFit
Sat May 02 15:53:01 +0000 2015,http://t.co/KX6iKUfbTz 1963 Sports Illustrated BOSTON CELTICS win NBA TITLE ! !  #Celtics http://t.co/ihLbTFZ7qU
Sat May 02 15:52:15 +0000 2015,L L #NBA #Boston #Celtics RONDO #9 Shirt Jersey Tank Size Large #BasketBall #Forsale http://t.co/3X7GW0tnqj
Sat May 02 15:50:12 +0000 2015,Danny Ainge :No Way Kelly Olynyk Intentionally Tried to Injure Kevin Love http://t.co/wOMVEssXWd #Celtics #NBA
Sat May 02 15:46:42 +0000 2015,L #NBA NEW Boys #Boston #Celtics Warm Up Jacket Pants NBA Basketball Zipway $50! Youth 7 #BasketBall #Forsale http://t.co/adSyxtDB4W
Sat May 02 15:45:13 +0000 2015,#NBA #Boston #Celtics MEDIUM Mitchell &amp; Ness Drop Step Mesh Tank Top Jersey Rare http://t.co/t5f2Fi2CLE #BasketBall #Forsale
Sat May 02 15:45:12 +0000 2015,#NBA #Arena Vintage Satin Boston #Celtics Youth Size 18 -20 Rare http://t.co/KHAUcE5erc #BasketBall #Deals
Sat May 02 15:43:12 +0000 2015,#Celtics #Hat New Era Boston Celtics Hat Fitted 59FIFTY Green Marvel Skyline Cap Men's 7 5/8 http://t.co/v2sngZ3v2h #Boston #BestSeller
Sat May 02 15:42:59 +0000 2015,RT @scott_souza: On DeMarcus Cousins, would not have favored pairing him w/ Rondo last year but better fit now that Brad Stevens is more es…
Sat May 02 15:41:31 +0000 2015,RT @scott_souza: On DeMarcus Cousins, would not have favored pairing him w/ Rondo last year but better fit now that Brad Stevens is more es…
Sat May 02 15:40:38 +0000 2015,L L #Celtics #Jersey NWOT ADIDAS BOSTON CELTICS ON COURT GAME JERSEY SHORTS L+2 THOMAS TURNER CROWDER #Basketball… http://t.co/AspeCFuj6N
Sat May 02 15:38:54 +0000 2015,#Healthy #Program Losing Belly Fat Is Not Rocket Science! Here's Why http://t.co/PiGsB9z69B #Celtics #GetFit
Sat May 02 15:38:54 +0000 2015,#Celtics #Jersey Boston Celtics MEDIUM Mitchell &amp; Ness Drop Step Mesh Tank Top Jersey Rare http://t.co/dv18kIpafo #Basketball #NBA
Sat May 02 15:35:25 +0000 2015,On DeMarcus Cousins, would not have favored pairing him w/ Rondo last year but better fit now that Brad Stevens is more established #Celtics
Sat May 02 15:34:30 +0000 2015,http://t.co/EEkB0NdMH9: Rondo Breaks Down Washington... http://t.co/8QFCBeKxVO #boston #breaks #celtics #rondo #washington #wizards
Sat May 02 15:34:13 +0000 2015,L L L #NBA NEW!! #Boston #Celtics NBA Adidas Pullover Hoodie Sweatshirt Size Medium 10-12 * #BasketBall #Forsale http://t.co/oqTIKbk62h
Sat May 02 15:32:03 +0000 2015,Danny Ainge :Celtics 'will have a busy summer' - http://t.co/oiwYAzAclR #Celtics
Sat May 02 15:30:33 +0000 2015,RT @Celtics_Beat: Danny Ainge exit interview #Boston #Celtics signing big name #nba free agent is possible after #cavs #nbaplayoffs http://…
Sat May 02 15:30:11 +0000 2015,Report :Celtics Plan on Targeting DeMarcus Cousins Via Trade http://t.co/0YbBiAnpiD #Celtics #NBA
Sat May 02 15:29:35 +0000 2015,#NBA Vintage Satin #Boston #Celtics Youth Size 18 -20 Rare http://t.co/lLZ2ba0ugV #BasketBall #Forsale
Sat May 02 15:29:35 +0000 2015,#NBA #Arena Vintage Satin Boston #Celtics Youth Size 18 -20 Rare http://t.co/CHWsuTw1NT #BasketBall #Deals
Sat May 02 15:28:26 +0000 2015,#NBA #CELTICS - Vintage Satin Boston Celtics Youth Size 18 -20 Rare:  $30.00End Date: M... http://t.co/gyCRMpv0mf http://t.co/k33Sm3HFUt
Sat May 02 15:28:26 +0000 2015,#NBA #CELTICS - Vintage Satin Boston Celtics Youth Size 18 -20 Rare:  $30.00End Date: M... http://t.co/ebcFotcVJm http://t.co/k33Sm3HFUt
Sat May 02 15:28:07 +0000 2015,#Celtics #Hat New Era Boston Celtics Snap Hat 9FIFTY Green Black Snapback Cap Men's OSFA http://t.co/AdlOeJmUE1 #Boston #BestSeller
Sat May 02 15:27:58 +0000 2015,RT @celtics_nbanews: Prospect Profile :Tyus Jones http://t.co/QqHtnSbkb3 #Celtics #NBA
Sat May 02 15:25:05 +0000 2015,Danny Ainge exit interview #Boston #Celtics signing big name #nba free agent is possible after #cavs #nbaplayoffs http://t.co/ttgAaxAxaU
Sat May 02 15:23:38 +0000 2015,#Healthy #Program Develop Healthy Habits For The Work Week http://t.co/xG1IJu4iqZ #Celtics #GetFit
Sat May 02 15:23:34 +0000 2015,Last game of the season 9-3 win, absolutely buzzing!!! Happy to score another goal (Alan Shearer) 3 in 4 games! 10 unbeaten!!! #Celtics
Sat May 02 15:23:06 +0000 2015,L #NBA #Arena Adidas BOSTON #Celtics BASKETBALL WARMUP SHIRT JERSEY Large 44/46 100% polyester #BasketBall #Deals http://t.co/uEaz6qF7XN
Sat May 02 15:21:21 +0000 2015,Kevin Love Dislocates Shoulder Against Celtics, Believes Play Was I  http://t.co/iXCbqpteeC  #celtics #kellyolynyk
Sat May 02 15:18:29 +0000 2015,Is #DeMarcusCousins landing in #Boston a reality? Read what Ainge has to say about the #Celtics offseason http://t.co/AJOiIzbfpq (New Post)
Sat May 02 15:17:40 +0000 2015,L C #NBA Zipway NBA Basketball Big Men's #Boston #Celtics Frosty Shirt Tee T-Shirt, Green #BasketBall #Forsale http://t.co/pGibuseZpD
Sat May 02 15:16:27 +0000 2015,RT @MarkTarantino89: #Celtics: obiettivo numero 1 #Cousins. ma sarà proibitivo http://t.co/WjZZZKkohx
Sat May 02 15:12:06 +0000 2015,L #Celtics #Hat NBA Mitchell &amp;amp; Ness Boston Celtics Wool Hardwood Classic Snapback Hat VG Cond. #Boston… http://t.co/6UuYgX6My2
Sat May 02 15:10:40 +0000 2015,#Celtics #Hat NBA Boston Celtics Fitted Cap Black Green adidas Pats Flex Team Hat Men's S/M http://t.co/IWJQYHkMMs #Boston #BestSeller
Sat May 02 15:10:09 +0000 2015,Prospect Profile :Tyus Jones http://t.co/QqHtnSbkb3 #Celtics #NBA
Sat May 02 15:09:07 +0000 2015,I DO NOT want to give up Bradley for ANYONE!!!! #Celtics
Sat May 02 15:08:07 +0000 2015,#Healthy #Program What is the best weight loss diet plan to avoid obesity? http://t.co/AUOebM7ebh #Celtics #GetFit
Sat May 02 15:08:06 +0000 2015,RT @DerekBodnerNBA: Marc Stein says the #celtics will try to trade for DeMarcus Cousins. http://t.co/vo0JOZxhMw
Sat May 02 15:07:06 +0000 2015,L L L #Celtics #Jersey ADIDAS BOSTON CELTICS LARRY BIRD SWINGMAN YOUTH SEWN JERSEY LARGE L NEW #Basketball #NBA http://t.co/K1XWpJzcHV
Sat May 02 15:07:06 +0000 2015,#Celtics #Jersey Boston Celtics - Nike NBA Jersey- Paul Pierce Letters Sewn On Size XL Mens http://t.co/AiklTiZ0ds #Basketball #NBA
Sat May 02 15:04:46 +0000 2015,@BillSimmons your #Boston #Celtics have a better chance signing #KevinLove