Sat May 02 16:57:05 +0000 2015,L L #NBA #Basketball Original Mitchell And Ness Isaiah Isiah Thomas Detroit #Pistons 88-89 #Jersey NBA #Sales… http://t.co/mPuGXEZ4VG
Sat May 02 16:55:07 +0000 2015,#Solution #Fitness Slimming Weight Loss http://t.co/8JIaZlQaMt #Pistons #Skinny
Sat May 02 16:54:48 +0000 2015,RT @DetroitPistons: The #Pistons and legend, Earl Cureton, supported the #PurpleStride Pancreatic Cancer Walk today at Ford Field. http://t…
Sat May 02 16:48:44 +0000 2015,The #Pistons and legend, Earl Cureton, supported the #PurpleStride Pancreatic Cancer Walk today at Ford Field. by d… http://t.co/DXuNEY2KmB
Sat May 02 16:47:36 +0000 2015,RT @DetroitPistons: The #Pistons and legend, Earl Cureton, supported the #PurpleStride Pancreatic Cancer Walk today at Ford Field. http://t…
Sat May 02 16:46:08 +0000 2015,L #NBA #Basketball Vintage Logo Detroit #Pistons #Jersey #33 Grant Hill Champion Youth Large 14-16 #Sales #Discount http://t.co/Plfu2PeyWF
Sat May 02 16:42:27 +0000 2015,RT @DetroitPistons: The prognosis is positive for the #Pistons to make a jump on defense next season, @Keith_Langlois writes: http://t.co/J…
Sat May 02 16:42:19 +0000 2015,RT @DetroitPistons: Think this @AndreDrummondd jam is the #Pistons Dunk of the Year? Pick the winner! http://t.co/FllntqaoLU http://t.co/…
Sat May 02 16:38:36 +0000 2015,#Solution #Fitness What You Need to Know When Buying Wholesale Raspberry Ketone Drops http://t.co/jqcXdZq4QD #Pistons #Skinny
Sat May 02 16:37:41 +0000 2015,RT @DetroitPistons: The #Pistons and legend, Earl Cureton, supported the #PurpleStride Pancreatic Cancer Walk today at Ford Field. http://t…
Sat May 02 16:37:13 +0000 2015,#Collectible #Buzz #NBA Detroit #Pistons Jason Maxiell Adidas Authentic #Jersey SZ48 Jennings… http://t.co/PalfoCntir #eBay #Auction
Sat May 02 16:37:12 +0000 2015,#NBA #Basketball NBA Detroit #Pistons Jason Maxiell Adidas Authentic #Jersey SZ48 Jennings Drummond http://t.co/uatpMfhGrp #Sales #Discount
Sat May 02 16:37:12 +0000 2015,#Detroit #Pistons NBA Detroit Pistons Jason Maxiell Adidas Authentic Jersey SZ48 Jennings… http://t.co/mY1ofefUol #NBA #Great #Deals
Sat May 02 16:36:06 +0000 2015,L L #Detroit #Pistons New Zipway NBA Mens Detroit Pistons Basketball Shorts Athletic 4X Large $50! #NBA #Great… http://t.co/SySPHRRPOw
Sat May 02 16:34:17 +0000 2015,RT @DetroitPistons: The #Pistons and legend, Earl Cureton, supported the #PurpleStride Pancreatic Cancer Walk today at Ford Field. http://t…
Sat May 02 16:34:06 +0000 2015,RT @DetroitPistons: The #Pistons and legend, Earl Cureton, supported the #PurpleStride Pancreatic Cancer Walk today at Ford Field. http://t…
Sat May 02 16:34:04 +0000 2015,RT @DetroitPistons: The #Pistons and legend, Earl Cureton, supported the #PurpleStride Pancreatic Cancer Walk today at Ford Field. http://t…
Sat May 02 16:32:11 +0000 2015,RT @DetroitPistons: The #Pistons and legend, Earl Cureton, supported the #PurpleStride Pancreatic Cancer Walk today at Ford Field. http://t…
Sat May 02 16:31:52 +0000 2015,http://t.co/Nu5mqZnsfy Detroit Pistons Basketball Vintage Look Ringer Style NBA T-shi #Pistons http://t.co/rzoSUijaUy
Sat May 02 16:31:52 +0000 2015,RT @DetroitPistons: Tuesday, we did #Pistons home game pics: http://t.co/zD4w9396kiToday, we hit the road games: http://t.co/eGPXP7HeqI h…
Sat May 02 16:31:34 +0000 2015,RT @DetroitPistons: The #Pistons and legend, Earl Cureton, supported the #PurpleStride Pancreatic Cancer Walk today at Ford Field. http://t…
Sat May 02 16:31:25 +0000 2015,The #Pistons and legend, Earl Cureton, supported the #PurpleStride Pancreatic Cancer Walk today at Ford Field. http://t.co/JGQkXoveuf
Sat May 02 16:30:57 +0000 2015,RT @DetroitPistons: Up Next: #Pistons assistant coach, Brendan Malone, is calling into the #PistonsCourtside Show. Tune in on @DSports105…
Sat May 02 16:25:34 +0000 2015,L #Collectible #Buzz Original Mitchell And Ness Isaiah Isiah Thomas Detroit #Pistons 88-89 #Jersey #NBA #eBay… http://t.co/FRWWtcKELW
Sat May 02 16:23:05 +0000 2015,#Solution #Fitness Why Don't Doctors Prescribe More Weight-Loss Drugs? http://t.co/CPWcAFQHAl #Pistons #Skinny
Sat May 02 16:21:28 +0000 2015,#Collectible #Buzz RARE VTG AUTHENTIC ADIDAS #NBA DETROIT #Pistons CHAUNCEY BILLUPS SEWN #Jersey SZ… http://t.co/Oouvz0PHtu #eBay #Auction
Sat May 02 16:21:27 +0000 2015,#NBA #Basketball VINTAGE DETROIT #Pistons SATIN JACKET http://t.co/U93vMOMpyC #Sales #Discount
Sat May 02 16:21:27 +0000 2015,#Detroit #Pistons Vintage Logo Detroit Pistons Jersey #33 Grant Hill Champion Youth Large 14-16 http://t.co/dI5oQzgx87 #NBA #Great #Deals
Sat May 02 16:19:34 +0000 2015,L L #NBA #Basketball VINTAGE DETROIT #Pistons GRANT HILL #Jersey VINTAGE CHAMPION USA MADE NBA MEDIUM #Sales… http://t.co/KxhWgBuePP
Sat May 02 16:13:58 +0000 2015,Vintage Detroit Pistons NBA Baby Onesie 24 Months http://t.co/amKqloHLUg #ShopEtsy #Pistons http://t.co/5f0lXZ1Bsg
Sat May 02 16:13:20 +0000 2015,RT @DetroitPistons: Up Next: #Pistons assistant coach, Brendan Malone, is calling into the #PistonsCourtside Show. Tune in on @DSports105…
Sat May 02 16:10:05 +0000 2015,L #Collectible #Buzz DETROIT #Pistons GRANT HILL #Jersey ADULT 52 CHAMPION NWT #eBay #Auction http://t.co/pLy4KoAoNK
Sat May 02 16:05:09 +0000 2015,#Collectible #Buzz Vintage Logo Detroit #Pistons #Jersey #33 Grant Hill Champion Youth Large 14-16 http://t.co/VpTxx7nSkK #eBay #Auction
Sat May 02 16:05:09 +0000 2015,#NBA #Basketball RARE VTG AUTHENTIC ADIDAS NBA DETROIT #Pistons CHAUNCEY BILLUPS SEWN #Jersey SZ 60 http://t.co/23hhDEZmQl #Sales #Discount
Sat May 02 16:05:08 +0000 2015,#Detroit #Pistons RARE VTG AUTHENTIC ADIDAS NBA DETROIT PISTONS CHAUNCEY BILLUPS SEWN JERSEY SZ… http://t.co/x5bCPgkaig #NBA #Great #Deals
Sat May 02 16:04:28 +0000 2015,NBA's All-Time Best, Plus Teo| http://t.co/8ylMeyWAwa #Pistons
Sat May 02 16:01:10 +0000 2015,RT @DetroitPistons: Up Next: #Pistons assistant coach, Brendan Malone, is calling into the #PistonsCourtside Show. Tune in on @DSports105…
Sat May 02 15:58:34 +0000 2015,Up Next: #Pistons assistant coach, Brendan Malone, is calling into the #PistonsCourtside Show. Tune in on… http://t.co/RpVHrxCeu6
Sat May 02 15:58:34 +0000 2015,L L #Collectible #Buzz VINTAGE DETROIT #Pistons GRANT HILL #Jersey VINTAGE CHAMPION USA MADE #NBA MEDIUM #eBay… http://t.co/tMvgcDVoPw
Sat May 02 15:53:05 +0000 2015,L #NBA #Basketball Original Mitchell And Ness Isaiah Isiah Thomas Detroit #Pistons 88-89 #Jersey NBA #Sales… http://t.co/Liti2GQE8D
Sat May 02 15:53:05 +0000 2015,#Solution #Fitness Good And Healthy Eating Habits Are Easy To Implement With This Overview http://t.co/zN1w4SsbNf #Pistons #Skinny
Sat May 02 15:49:21 +0000 2015,#Collectible #Buzz VINTAGE DETROIT #Pistons SATIN JACKET http://t.co/BCC7EThtCG #eBay #Auction
Sat May 02 15:49:20 +0000 2015,#NBA #Basketball Vintage Logo Detroit #Pistons #Jersey #33 Grant Hill Champion Youth Large 14-16 http://t.co/7FvH4Wst1k #Sales #Discount
Sat May 02 15:49:19 +0000 2015,#Detroit #Pistons VINTAGE DETROIT PISTONS SATIN JACKET http://t.co/9L9MwWnN85 #NBA #Great #Deals
Sat May 02 15:47:36 +0000 2015,L L L #Collectible #Buzz DETROIT #Pistons 3X5 #NBA FLAG DRUMMOND #eBay #Auction http://t.co/Ii7jRvI7QT
Sat May 02 15:42:57 +0000 2015,RT @DetroitPistons: Up Next: #Pistons assistant coach, Brendan Malone, is calling into the #PistonsCourtside Show. Tune in on @DSports105…
Sat May 02 15:41:35 +0000 2015,L #Collectible #Buzz Jon Barry Detroit #Pistons Authentic Sz 56 #eBay #Auction http://t.co/cMXYFVBbPv
Sat May 02 15:37:06 +0000 2015,#Solution #Fitness Losing Belly Fat Is Not Rocket Science! Here's Why http://t.co/gNHEkjyStj #Pistons #Skinny
Sat May 02 15:37:05 +0000 2015,L #Detroit #Pistons New Zipway NBA Mens Detroit Pistons Basketball Shorts Athletic 4X Large $50! #NBA #Great #Deals http://t.co/BfbhsGap3t
Sat May 02 15:36:39 +0000 2015,RT @DetroitPistons: Up Next: #Pistons assistant coach, Brendan Malone, is calling into the #PistonsCourtside Show. Tune in on @DSports105…
Sat May 02 15:34:26 +0000 2015,http://t.co/EEkB0NdMH9: NBA Washington Wizards vs... http://t.co/XAN1xp5nnB #detroit #highlights #january #pistons #washington #wizards
Sat May 02 15:34:05 +0000 2015,#Collectible #Buzz Original Mitchell And Ness Isaiah Isiah Thomas Detroit #Pistons 88-89 #Jersey #NBA http://t.co/x3MDm1uemf #eBay #Auction
Sat May 02 15:34:05 +0000 2015,#NBA #Basketball DETROIT #Pistons GRANT HILL #Jersey ADULT 52 CHAMPION NWT http://t.co/G6chgN67sE #Sales #Discount
Sat May 02 15:34:04 +0000 2015,#Detroit #Pistons Detroit Pistons' Rasheed Wallace Authentic Adidas Men's Jersey (56, 3XL, Red) http://t.co/oDxpyjJISg #NBA #Great #Deals
Sat May 02 15:33:42 +0000 2015,RT @DetroitPistons: Up Next: #Pistons assistant coach, Brendan Malone, is calling into the #PistonsCourtside Show. Tune in on @DSports105…
Sat May 02 15:32:36 +0000 2015,RT @DetroitPistons: Up Next: #Pistons assistant coach, Brendan Malone, is calling into the #PistonsCourtside Show. Tune in on @DSports105…
Sat May 02 15:30:10 +0000 2015,Up Next: #Pistons assistant coach, Brendan Malone, is calling into the #PistonsCourtside Show. Tune in on @DSports1051 &amp; our mobile app!
Sat May 02 15:28:22 +0000 2015,RT @FansPistons: 2014-15 Player Recap :Reggie Jackson| http://t.co/5V37YQmGbQ #Pistons
Sat May 02 15:28:04 +0000 2015,#BallDontLie happy birthday Rasheed Wallace! All time favorite #Tarheels #Blazers #Bullets #Pistons… http://t.co/8Ke5GqQVH7
Sat May 02 15:26:39 +0000 2015,L C #Collectible #Buzz 1989 #NBA Finals on DVD, Lakers vs #Pistons #eBay #Auction http://t.co/tCtkWVU4AK
Sat May 02 15:26:38 +0000 2015,by azamcaine_ "Do you think im a robot" "Nahh you just a piston'#aviation #vscocam #throwback #pistons http://t.co/2lEM9ehx2C
Sat May 02 15:22:09 +0000 2015,#Solution #Fitness Correct Way To Loss Weight http://t.co/UY9ZqfL99w #Pistons #Skinny
Sat May 02 15:20:05 +0000 2015,L #NBA #Basketball VINTAGE DETROIT #Pistons GRANT HILL #Jersey VINTAGE CHAMPION USA MADE NBA MEDIUM #Sales #Discount http://t.co/MefkKs6owL
Sat May 02 15:17:36 +0000 2015,#Collectible #Buzz DETROIT #Pistons GRANT HILL #Jersey ADULT 52 CHAMPION NWT http://t.co/b7ge8RO0o8 #eBay #Auction
Sat May 02 15:17:35 +0000 2015,#NBA #Basketball New Zipway NBA Mens Detroit #Pistons Basketball Shorts Athletic 4X Large $50! http://t.co/GTch20KH9Q #Sales #Discount
Sat May 02 15:17:35 +0000 2015,#Detroit #Pistons DETROIT PISTONS GRANT HILL JERSEY ADULT 52 CHAMPION NWT http://t.co/LQwgOXqecU #NBA #Great #Deals
Sat May 02 15:11:08 +0000 2015,L L #Detroit #Pistons Detroit Pistons Basketball Club Adidas XL Jacket Champions 1989 1990 2004 NBA #NBA #Great… http://t.co/6FWUOLknfX
Sat May 02 15:09:52 +0000 2015,http://t.co/EEkB0MWbiz: Eric Gordon's Game-Winner... http://t.co/DbIhM31sfd #detroit #eric #game-winner #gordon #lifts #pelicans #pistons
Sat May 02 15:09:42 +0000 2015,2014-15 Player Recap :Reggie Jackson| http://t.co/5V37YQmGbQ #Pistons
Sat May 02 15:06:26 +0000 2015,#Detroit #Pistons #Fan #Shop http://t.co/GHXktcwv1R http://t.co/LORYG5FeaI
Sat May 02 15:05:05 +0000 2015,L #Collectible #Buzz VINTAGE DETROIT #Pistons GRANT HILL #Jersey VINTAGE CHAMPION USA MADE #NBA MEDIUM #eBay… http://t.co/1OFLdZTM1h
Sat May 02 15:01:10 +0000 2015,#Collectible #Buzz New Zipway #NBA Mens Detroit #Pistons #Basketball Shorts Athletic 4X Large $50! http://t.co/FOXVfmaZR8 #eBay #Auction
Sat May 02 15:01:09 +0000 2015,#NBA #Basketball Original Mitchell And Ness Isaiah Isiah Thomas Detroit #Pistons 88-89 #Jersey NBA http://t.co/Z0wvlMqbrx #Sales #Discount
Sat May 02 15:01:08 +0000 2015,#Detroit #Pistons Original Mitchell And Ness Isaiah Isiah Thomas Detroit Pistons 88-89 Jersey NBA http://t.co/9XSNoN9KJZ #NBA #Great #Deals
Sat May 02 15:00:07 +0000 2015,L L B #Collectible #Buzz #NBA Grant Hill Folder Detroit #Pistons (1995) #eBay #Auction http://t.co/kuk1fFeb83
Sat May 02 14:57:35 +0000 2015,RT @NutsAndBoltsSP: #BallDontLie happy birthday Rasheed Wallace! All time favorite #Tarheels #Blazers #Bullets #Pistons http://t.co/5Y3M7vT…
Sat May 02 14:55:35 +0000 2015,Pistons #Pistons Detroit basketball #PistonsPride #Pistons http://t.co/UsTIeJXeSk http://t.co/t9Y5SdEot7
Sat May 02 14:55:08 +0000 2015,L L #Collectible #Buzz DETROIT #Pistons 3X5 #NBA FLAG DRUMMOND #eBay #Auction http://t.co/CmeRJLLZvl
Sat May 02 14:52:07 +0000 2015,#Solution #Fitness The Surprising Truth About Weight Loss http://t.co/mxvIguRKz7 #Pistons #Skinny
Sat May 02 14:46:35 +0000 2015,RT DetroitPistonsv: #Detroit #Pistons New Zipway NBA Mens Detroit Pistons Basketball Shorts Athletic 4X Large $50!… http://t.co/OYOzoLfH8R
Sat May 02 14:46:34 +0000 2015,RT DetroitPistonsv: L B #Detroit #Pistons Boys DETROIT PISTONS #1 Chauncey Billups Jersey size large L #NBA #Great… http://t.co/OYOzoLfH8R
Sat May 02 14:45:17 +0000 2015,http://t.co/EEkB0NdMH9: Pistons show off their #running game vs. 76ers #nbajam http://t.co/pIJs875TOZ #philadelphia #pistons
Sat May 02 14:45:07 +0000 2015,#Collectible #Buzz Jon Barry Detroit #Pistons Authentic Sz 56 http://t.co/mwv6GpPTtu #eBay #Auction
Sat May 02 14:45:06 +0000 2015,#NBA #Basketball Detroit #Pistons' Rasheed Wallace Authentic Adidas Men's #Jersey (56, 3XL, Red) http://t.co/GEKQoYuixq #Sales #Discount
Sat May 02 14:45:06 +0000 2015,#Detroit #Pistons New Zipway NBA Mens Detroit Pistons Basketball Shorts Athletic 4X Large $50! http://t.co/mSVuYTvXrY #NBA #Great #Deals
Sat May 02 14:44:36 +0000 2015,L B #Detroit #Pistons Boys DETROIT PISTONS #1 Chauncey Billups Jersey size large L #NBA #Great #Deals http://t.co/nHlP48bq7Z
Sat May 02 14:39:05 +0000 2015,L C #Collectible #Buzz Adidas #NBA Detroit #Pistons Dennis Rodman Hardwood Classic Swingman Men #Jersey #eBay… http://t.co/wlreKxmGG3
Sat May 02 14:37:08 +0000 2015,#Solution #Fitness 4 Weight Loss Exercise Plans For Busy People http://t.co/5NEKdm48mv #Pistons #Skinny
Sat May 02 14:34:40 +0000 2015,dedman's Final 2012 NBA Mockery| http://t.co/RlcCGpFPQE #Pistons
Sat May 02 14:29:35 +0000 2015,L L B #Collectible #Buzz 1989 #NBA Finals on DVD, Lakers vs #Pistons #eBay #Auction http://t.co/3urj1McYQm
Sat May 02 14:29:08 +0000 2015,#Collectible #Buzz Detroit #Pistons' Rasheed Wallace Authentic Adidas Men's #Jersey (56, 3XL, Red) http://t.co/M1p8OBmEhq #eBay #Auction
Sat May 02 14:29:07 +0000 2015,#NBA #Basketball VINTAGE DETROIT #Pistons GRANT HILL #Jersey VINTAGE CHAMPION USA MADE NBA MEDIUM http://t.co/IedCjgMftb #Sales #Discount
Sat May 02 14:29:06 +0000 2015,#Detroit #Pistons VINTAGE DETROIT PISTONS GRANT HILL JERSEY VINTAGE CHAMPION USA MADE NBA MEDIUM http://t.co/WCiXssgd0G #NBA #Great #Deals
Sat May 02 14:28:46 +0000 2015,RT @mojemail9603: Pistons #Pistons Detroit basketball #PistonsPride #Pistons http://t.co/A5Iq61EUg8
Sat May 02 14:28:45 +0000 2015,RT @mojemail9603: Pistons #Pistons Detroit basketball #PistonsPride #Pistons http://t.co/gG0cYCoeUa
Sat May 02 14:27:58 +0000 2015,RT @mojemail96021: Pistons #Pistons Detroit basketball #PistonsPride #Pistons http://t.co/cuNPwDtTWv
Sat May 02 14:27:56 +0000 2015,RT @mojemail96021: Pistons #Pistons Detroit basketball #PistonsPride #Pistons http://t.co/Kcttflx7t7
Sat May 02 14:27:24 +0000 2015,#NBA #Pistons - Jon Barry Detroit Pistons Authentic Sz 56:  $50.00End Date: Tuesday May... http://t.co/LZyJCIfJcN http://t.co/k33Sm3HFUt
Sat May 02 14:26:00 +0000 2015,RT @kfrancina96: Pistons #Pistons Detroit basketball #PistonsPride #Pistons http://t.co/4O6oXADHAl
Sat May 02 14:25:55 +0000 2015,RT @kfrancina96: Pistons #Pistons Detroit basketball #PistonsPride #Pistons http://t.co/ISkZguUCyc