Sat May 02 17:01:42 +0000 2015,http://t.co/xTK4ntMs1t: 2014 : JR Raptors http://t.co/mxEMmc62J9 #raptors
Sat May 02 16:59:41 +0000 2015,RT @Brunoskull5: Y'all ready for #AgeOfUltron #Raptors #RTZ #WeTheNorth http://t.co/83LJqWaKug
Sat May 02 16:58:41 +0000 2015,RT @Brunoskull5: Y'all ready for #AgeOfUltron #Raptors #RTZ #WeTheNorth http://t.co/83LJqWaKug
Sat May 02 16:58:00 +0000 2015,http://t.co/qIbnWq4Nsk #Raptors Leafs, Raptors more alike than you think ₪   81
Sat May 02 16:56:22 +0000 2015,#NBA Toronto #Raptors at Miami #Heat game preview http://t.co/xVqnp8ildE
Sat May 02 16:56:05 +0000 2015,#NBA #Raptors trying to focus on #Wizards not just Paul Pierce http://t.co/RlWRLLZdE4
Sat May 02 16:56:04 +0000 2015,Toronto #Raptors at Miami #Heat game preview http://t.co/W9xORmr6oJ #NBA
Sat May 02 16:56:01 +0000 2015,#NBA #Raptors trying to focus on #Wizards not just Paul Pierce http://t.co/AhX4NVjFEx
Sat May 02 16:52:01 +0000 2015,→ http://t.co/rdQSQzHG2K #Raptors The balance of change and continuity moving forward Raptors Ontario CAN York CAN 515
Sat May 02 16:49:17 +0000 2015,RT @smitharyy: → http://t.co/p3mgk0XcKU The balance of change and continuity moving forward #Raptors  129 http://t.co/wWBn3pCUx0
Sat May 02 16:49:13 +0000 2015,RT @smitharyy: → http://t.co/p3mgk0XcKU The balance of change and continuity moving forward #Raptors  129 http://t.co/wWBn3pCUx0
Sat May 02 16:47:27 +0000 2015,RT RaptorProgram: RaptorProgram: Come by for our Open House next Sunday! #raptors #birds #owls #mothersday … http://t.co/3yydjinYel
Sat May 02 16:46:42 +0000 2015,RT @smitharyy: → http://t.co/p3mgk0XcKU The balance of change and continuity moving forward #Raptors  129 http://t.co/wWBn3pCUx0
Sat May 02 16:46:42 +0000 2015,RT @smitharyy: → http://t.co/p3mgk0XcKU The balance of change and continuity moving forward #Raptors  129 http://t.co/wWBn3pCUx0
Sat May 02 16:46:38 +0000 2015,RT @smitharyy: → http://t.co/p3mgk0XcKU The balance of change and continuity moving forward #Raptors  129 http://t.co/wWBn3pCUx0
Sat May 02 16:46:36 +0000 2015,RT @smitharyy: → http://t.co/p3mgk0XcKU The balance of change and continuity moving forward #Raptors  129 http://t.co/wWBn3pCUx0
Sat May 02 16:44:05 +0000 2015,#RaptorNation NBA Playoff Preview - Atlanta vs. Washington: They had their way with the Rapt... http://t.co/sNK7phiOqT #raptors #toronto
Sat May 02 16:42:24 +0000 2015,RT @RockyGapSP: Barred owl hoot hootin' is the best night cap! #owl #owls #hoot #barred owl #Raptors #scalesandtales http://t.co/ziQsISlPO6
Sat May 02 16:42:01 +0000 2015,→ http://t.co/p3mgk0XcKU The balance of change and continuity moving forward #Raptors  129 http://t.co/wWBn3pCUx0
Sat May 02 16:39:05 +0000 2015,@RaptorProgram: Come by for our Open House next Sunday! #raptors #birds #owls #mothersday http://t.co/BSVFSIuqps
Sat May 02 16:38:57 +0000 2015,Details murky on where Raptors-affiliated team would fit in NBA D-League| http://t.co/UoW663xmOw #Raptors
Sat May 02 16:36:12 +0000 2015,RT @crossoverNBA: This past week at CC:* Playoff Exit Analysis of the #Celtics, #Bucks and #Raptors* Pieces on Kawhi, the Clippers, and …
Sat May 02 16:35:05 +0000 2015,This past week at CC:* Playoff Exit Analysis of the #Celtics, #Bucks and #Raptors* Pieces on Kawhi, the Clippers, and "The Emoji Tweet"
Sat May 02 16:34:31 +0000 2015,Orlando #Magic drop #NBA heart breaker to Toronto #Raptors http://t.co/sDQLeipnIl
Sat May 02 16:34:30 +0000 2015,#NBA #Raptors trying to focus on #Wizards not just Paul Pierce http://t.co/ydIlmfnv4m
Sat May 02 16:34:02 +0000 2015,#NBA #Raptors trying to focus on #Wizards not just Paul Pierce http://t.co/RFQRwai077
Sat May 02 16:30:34 +0000 2015,It might be a little late for the season but it finally arrived! #raptors #vincecarter #NBA… https://t.co/zZVv43WbG4
Sat May 02 16:23:12 +0000 2015,Adding to my Jurassic park collection with #JurrasicWorld #Raptors #Delta http://t.co/xebwb6WGHq
Sat May 02 16:18:35 +0000 2015,http://t.co/2EmsA2ahiG [Fansided: Raptors Rapture] - A Modest Proposal: Bring back An #Raptors http://t.co/q90eaemeCr
Sat May 02 16:15:32 +0000 2015,Wait, wait... the Toronto #Raptors performed like a 1.6 win team. They were bloody awful. #NBAPlayoffs
Sat May 02 16:12:37 +0000 2015,Amir's numbers per 100 poss w/o Jonas Usage 20.5, SI .591 Pts 23.8 Reb 14.4 with Jonas Usage 14.1, SI -.127 Pts 14.9 Reb 10.5  #Raptors #RTZ
Sat May 02 16:12:28 +0000 2015,#NBA #Raptors trying to focus on #Wizards not just Paul Pierce http://t.co/66P4HtHBFB
Sat May 02 16:11:53 +0000 2015,The #Bucks were one of only 4 playoff teams to perform below average in the first round. Only the #Celtics and #Raptors performed worse.
Sat May 02 16:11:31 +0000 2015,RT @NESASK: Ferruginous Hawk in flight. #birds #raptors #NaturePhotography http://t.co/EcpdruQjts
Sat May 02 16:09:16 +0000 2015,The #Raptors shoujld sign TT to start at PF and resign Amir to backup Jonas and resign Tyler  #RTZ
Sat May 02 16:04:38 +0000 2015,@FeliciaCapcome 1Tweet4 @OurRaptorsX2, Follow #Raptors News, UTubes, Player Tweets, Stats and More! Visit http://t.co/2EmsA2ahiG RT!
Sat May 02 16:03:54 +0000 2015,Mike Conley Not Expected To Play In Games 1-2| http://t.co/XIJYpRp3aI #Raptors
Sat May 02 16:02:35 +0000 2015,RT @snlz0: http://t.co/2oig1Itofl #Raptors Bruno Caboclo, prospects big winners as Raptors get go-ahead to buy D 35
Sat May 02 16:02:35 +0000 2015,RT @snlz0: http://t.co/2oig1Itofl #Raptors Bruno Caboclo, prospects big winners as Raptors get go-ahead to buy D 35
Sat May 02 16:02:06 +0000 2015,RT @snlz0: http://t.co/2oig1Itofl #Raptors Bruno Caboclo, prospects big winners as Raptors get go-ahead to buy D 35
Sat May 02 16:02:05 +0000 2015,RT @snlz0: http://t.co/2oig1Itofl #Raptors Bruno Caboclo, prospects big winners as Raptors get go-ahead to buy D 35
Sat May 02 16:02:05 +0000 2015,RT @snlz0: http://t.co/2oig1Itofl #Raptors Bruno Caboclo, prospects big winners as Raptors get go-ahead to buy D 35
Sat May 02 16:02:05 +0000 2015,RT @snlz0: http://t.co/2oig1Itofl #Raptors Bruno Caboclo, prospects big winners as Raptors get go-ahead to buy D 35
Sat May 02 16:02:05 +0000 2015,RT @snlz0: http://t.co/2oig1Itofl #Raptors Bruno Caboclo, prospects big winners as Raptors get go-ahead to buy D 35
Sat May 02 16:02:05 +0000 2015,RT @snlz0: http://t.co/2oig1Itofl #Raptors Bruno Caboclo, prospects big winners as Raptors get go-ahead to buy D 35
Sat May 02 16:02:04 +0000 2015,RT @snlz0: http://t.co/2oig1Itofl #Raptors Bruno Caboclo, prospects big winners as Raptors get go-ahead to buy D 35
Sat May 02 16:01:04 +0000 2015,RT @snlz0: http://t.co/2oig1Itofl #Raptors Bruno Caboclo, prospects big winners as Raptors get go-ahead to buy D 35
Sat May 02 16:01:04 +0000 2015,RT @snlz0: http://t.co/2oig1Itofl #Raptors Bruno Caboclo, prospects big winners as Raptors get go-ahead to buy D 35
Sat May 02 16:01:04 +0000 2015,RT @snlz0: http://t.co/2oig1Itofl #Raptors Bruno Caboclo, prospects big winners as Raptors get go-ahead to buy D 35
Sat May 02 16:00:10 +0000 2015,http://t.co/2oig1Itofl #Raptors Bruno Caboclo, prospects big winners as Raptors get go-ahead to buy D 35
Sat May 02 15:57:46 +0000 2015,RT @Lakers_FZ: #NBA Toronto #Raptors at Miami #Heat game preview http://t.co/cL0gtZYztj
Sat May 02 15:57:45 +0000 2015,Met ma boy @IamJJ3 , the guy is tall af #Raptors http://t.co/4WmhbKTMVk
Sat May 02 15:50:31 +0000 2015,Toronto #Raptors at Miami #Heat game preview http://t.co/W6DhD2L3Rf #NBA
Sat May 02 15:50:30 +0000 2015,#NBA Toronto #Raptors at Miami #Heat game preview http://t.co/cL0gtZYztj
Sat May 02 15:50:05 +0000 2015,Orlando #Magic drop heart breaker to Toronto #Raptors http://t.co/dKzsWohtX9 #NBA
Sat May 02 15:50:04 +0000 2015,Toronto #Raptors at Miami #Heat game preview #NBA http://t.co/DD4sx5inzn
Sat May 02 15:47:40 +0000 2015,A look at the #raptors of @JurassicPark with @mekadomurphy and @colintrevorrow: http://t.co/uVLavKOOYa #movies #dinos #Sequels
Sat May 02 15:45:19 +0000 2015,@aP_Photographie oui pareil ! :) Et j espère voir des velociraptor féroces comme on les aimes :)#JurasicWorld #Raptors
Sat May 02 15:32:52 +0000 2015,RT @TRaptorsfan: Northwest Notes :Donovan, Blazers, Thunder http://t.co/wkqouynZFL #Raptors #NBA
Sat May 02 15:28:52 +0000 2015,Attendance up despite losing season| http://t.co/94WxcbclLG #Raptors
Sat May 02 15:28:09 +0000 2015,Toronto #Raptors at Miami #Heat game preview #NBA http://t.co/Dc0uQLOlHq
Sat May 02 15:26:11 +0000 2015,RT @IISuperwomanII: Game 3 LETS GO! I got that #IVIVI faith right now. UHNNN #iisuperwomanii #rtz #raptors #wethenorth https://t.co/0D3uiOX…
Sat May 02 15:21:30 +0000 2015,NEW RAPTORS RANT ! (KYLE LOWRY SUCKS https://t.co/kPGLpBT2f9  via @YouTube #kylelowry #NBAPlayoffs @SHAQ #raptors #ok http://t.co/K0WkcW9f5B
Sat May 02 15:10:59 +0000 2015,#NBA #Raptors- Toronto Raptors Marcus Camby Champion Jersey Youth Medium 10-12:  $24.99... http://t.co/39EZRRni9D http://t.co/k33Sm3HFUt
Sat May 02 15:10:59 +0000 2015,#NBA #Raptors- Toronto Raptors XL Purple Mitchell &amp; Ness Hustle Play Henley Shirt:  $32... http://t.co/NN9qmxAhy7 http://t.co/k33Sm3HFUt
Sat May 02 15:09:42 +0000 2015,RT @SmithRaps: #raptors blog: A good start to a lot of the weekend mail http://t.co/SWYxrzPE32
Sat May 02 15:09:08 +0000 2015,Bob Myers Wins NBA Executive Of The Year| http://t.co/moL05UyOZI #Raptors
Sat May 02 15:06:25 +0000 2015,#NBA Toronto #Raptors at Miami #Heat game preview http://t.co/8zNo9UYA4S
Sat May 02 15:06:22 +0000 2015,#NBA #Raptors trying to focus on #Wizards not just Paul Pierce http://t.co/IO1H66eyNi
Sat May 02 15:06:22 +0000 2015,#NBA #Raptors trying to focus on #Wizards not just Paul Pierce http://t.co/1YXMJYIh1O
Sat May 02 15:06:21 +0000 2015,#Raptors trying to focus on #NBA #Wizards, not just Paul Pierce http://t.co/m9qt5ef4yQ
Sat May 02 15:05:09 +0000 2015,Northwest Notes :Donovan, Blazers, Thunder http://t.co/wkqouynZFL #Raptors #NBA
Sat May 02 15:02:10 +0000 2015,Bonding w strangers on the street over sports has got to be one of the weirdest, yet coolest thing ever#Raptors #RTZ #WhereFriendshipBegins
Sat May 02 14:56:56 +0000 2015,→  #Raptors Raptors Five possible homes for Raptors proposed NBA D-League team CAN http://t.co/WyO89TEx7N … http://t.co/SJ8PizatNB
Sat May 02 14:54:54 +0000 2015,&amp;#x2192; ##Raptors Raptors Five possible homes for Raptors proposed NBA D-League team C... http://t.co/4C8lrt9cNF
Sat May 02 14:50:35 +0000 2015,? http://t.co/QXRPk6Ykz9 #Raptors Raptors Five possible homes for Raptors proposed NBA D-League team CAN… http://t.co/NtQiyjqPo5
Sat May 02 14:46:11 +0000 2015,RT @smitharyy: → http://t.co/V10kOq2uiN #Raptors Raptors Five possible homes for Raptors proposed NBA D-League team CAN http://t.co/CIE6rAP…
Sat May 02 14:46:11 +0000 2015,RT @smitharyy: → http://t.co/V10kOq2uiN #Raptors Raptors Five possible homes for Raptors proposed NBA D-League team CAN http://t.co/CIE6rAP…
Sat May 02 14:44:07 +0000 2015,#NBA #Raptors trying to focus on #Wizards not just Paul Pierce http://t.co/ycdgvXShr6
Sat May 02 14:43:51 +0000 2015,RT @bballmegastore: New @MitchellNessEur Raptors tee is ridiculously nice! http://t.co/wdUuqwJE8K #Raptors #NBAintheUK http://t.co/K6uE4a0I…
Sat May 02 14:43:24 +0000 2015,RT @smitharyy: → http://t.co/V10kOq2uiN #Raptors Raptors Five possible homes for Raptors proposed NBA D-League team CAN http://t.co/CIE6rAP…
Sat May 02 14:43:22 +0000 2015,RT @smitharyy: → http://t.co/V10kOq2uiN #Raptors Raptors Five possible homes for Raptors proposed NBA D-League team CAN http://t.co/CIE6rAP…
Sat May 02 14:43:19 +0000 2015,RT @smitharyy: → http://t.co/V10kOq2uiN #Raptors Raptors Five possible homes for Raptors proposed NBA D-League team CAN http://t.co/CIE6rAP…
Sat May 02 14:43:15 +0000 2015,RT @smitharyy: → http://t.co/V10kOq2uiN #Raptors Raptors Five possible homes for Raptors proposed NBA D-League team CAN http://t.co/CIE6rAP…
Sat May 02 14:43:13 +0000 2015,RT @smitharyy: → http://t.co/V10kOq2uiN #Raptors Raptors Five possible homes for Raptors proposed NBA D-League team CAN http://t.co/CIE6rAP…
Sat May 02 14:43:11 +0000 2015,RT @smitharyy: → http://t.co/V10kOq2uiN #Raptors Raptors Five possible homes for Raptors proposed NBA D-League team CAN http://t.co/CIE6rAP…
Sat May 02 14:43:10 +0000 2015,RT @smitharyy: → http://t.co/V10kOq2uiN #Raptors Raptors Five possible homes for Raptors proposed NBA D-League team CAN http://t.co/CIE6rAP…
Sat May 02 14:43:09 +0000 2015,RT @smitharyy: → http://t.co/V10kOq2uiN #Raptors Raptors Five possible homes for Raptors proposed NBA D-League team CAN http://t.co/CIE6rAP…
Sat May 02 14:43:09 +0000 2015,RT @smitharyy: → http://t.co/V10kOq2uiN #Raptors Raptors Five possible homes for Raptors proposed NBA D-League team CAN http://t.co/CIE6rAP…
Sat May 02 14:43:06 +0000 2015,RT @smitharyy: → http://t.co/V10kOq2uiN #Raptors Raptors Five possible homes for Raptors proposed NBA D-League team CAN http://t.co/CIE6rAP…
Sat May 02 14:42:06 +0000 2015,RT @smitharyy: → http://t.co/V10kOq2uiN #Raptors Raptors Five possible homes for Raptors proposed NBA D-League team CAN http://t.co/CIE6rAP…
Sat May 02 14:42:06 +0000 2015,RT @smitharyy: → http://t.co/V10kOq2uiN #Raptors Raptors Five possible homes for Raptors proposed NBA D-League team CAN http://t.co/CIE6rAP…
Sat May 02 14:42:06 +0000 2015,RT @smitharyy: → http://t.co/V10kOq2uiN #Raptors Raptors Five possible homes for Raptors proposed NBA D-League team CAN http://t.co/CIE6rAP…
Sat May 02 14:42:05 +0000 2015,RT @smitharyy: → http://t.co/V10kOq2uiN #Raptors Raptors Five possible homes for Raptors proposed NBA D-League team CAN http://t.co/CIE6rAP…
Sat May 02 14:42:05 +0000 2015,RT @smitharyy: → http://t.co/V10kOq2uiN #Raptors Raptors Five possible homes for Raptors proposed NBA D-League team CAN http://t.co/CIE6rAP…
Sat May 02 14:41:35 +0000 2015,RT @smitharyy: → http://t.co/V10kOq2uiN #Raptors Raptors Five possible homes for Raptors proposed NBA D-League team CAN http://t.co/CIE6rAP…
Sat May 02 14:41:35 +0000 2015,RT @smitharyy: → http://t.co/V10kOq2uiN #Raptors Raptors Five possible homes for Raptors proposed NBA D-League team CAN http://t.co/CIE6rAP…
Sat May 02 14:41:35 +0000 2015,RT @smitharyy: → http://t.co/V10kOq2uiN #Raptors Raptors Five possible homes for Raptors proposed NBA D-League team CAN http://t.co/CIE6rAP…
Sat May 02 14:41:24 +0000 2015,RT @smitharyy: → http://t.co/V10kOq2uiN #Raptors Raptors Five possible homes for Raptors proposed NBA D-League team CAN http://t.co/CIE6rAP…
Sat May 02 14:41:14 +0000 2015,RT @smitharyy: → http://t.co/V10kOq2uiN #Raptors Raptors Five possible homes for Raptors proposed NBA D-League team CAN http://t.co/CIE6rAP…